{
    "name": "root",
    "gauges": {
        "CarroFase03v1_Move.Policy.Entropy.mean": {
            "value": 0.4482729136943817,
            "min": 0.03375997021794319,
            "max": 1.584952712059021,
            "count": 50
        },
        "CarroFase03v1_Move.Policy.ExtrinsicValueEstimate.mean": {
            "value": -26.79306983947754,
            "min": -59.39054870605469,
            "max": -1.1632179021835327,
            "count": 50
        },
        "CarroFase03v1_Move.Losses.ValueLoss.mean": {
            "value": 1739.6959228515625,
            "min": 0.05878856033086777,
            "max": 6516.5927734375,
            "count": 50
        },
        "CarroFase03v1_Move.Losses.PolicyLoss.mean": {
            "value": 0.06309373676776886,
            "min": 0.06158854812383652,
            "max": 0.07653536647558212,
            "count": 50
        },
        "CarroFase03v1_Move.Policy.LearningRate.mean": {
            "value": 0.00029703223844990134,
            "min": 0.00029703223844990134,
            "max": 0.00029996834928169847,
            "count": 50
        },
        "CarroFase03v1_Move.IsTraining.mean": {
            "value": 1.0,
            "min": 1.0,
            "max": 1.0,
            "count": 50
        },
        "CarroFase03v1_Move.Environment.EpisodeLength.mean": {
            "value": 2999.0,
            "min": 2999.0,
            "max": 2999.0,
            "count": 15
        },
        "CarroFase03v1_Move.Environment.CumulativeReward.mean": {
            "value": -121.12269800359553,
            "min": -3585.0226505615497,
            "max": 2256.7796446830034,
            "count": 16
        },
        "CarroFase03v1_Move.Policy.ExtrinsicReward.mean": {
            "value": -121.12269800359553,
            "min": -3585.0226505615497,
            "max": 2256.7796446830034,
            "count": 16
        }
    },
    "metadata": {
        "timer_format_version": "0.1.0",
        "start_time_seconds": "1638185095",
        "python_version": "3.7.9 (tags/v3.7.9:13c94747c7, Aug 17 2020, 18:58:18) [MSC v.1900 64 bit (AMD64)]",
        "command_line_arguments": "C:\\Users\\rafae\\AppData\\Local\\Programs\\Python\\Python37\\Scripts\\mlagents-learn D:\\UnityProjects\\Lista\\CarroMachineLearning\\Assets\\TrainingConfig\\trainer_config.yaml --initialize-from=CarroFase01v8 --run-id=CarroFase03v1",
        "mlagents_version": "0.16.1",
        "mlagents_envs_version": "0.16.1",
        "communication_protocol_version": "1.0.0",
        "tensorflow_version": "2.7.0",
        "end_time_seconds": "1638185702"
    },
    "total": 607.5526247,
    "count": 1,
    "self": 0.0009499000000232627,
    "children": {
        "run_training.setup": {
            "total": 0.011425599999999925,
            "count": 1,
            "self": 0.011425599999999925
        },
        "TrainerController.start_learning": {
            "total": 607.5402492,
            "count": 1,
            "self": 25.036683300005393,
            "children": {
                "TrainerController._reset_env": {
                    "total": 22.616850999999997,
                    "count": 1,
                    "self": 22.616850999999997
                },
                "TrainerController.advance": {
                    "total": 559.4692914999944,
                    "count": 45801,
                    "self": 0.7853282000011177,
                    "children": {
                        "env_step": {
                            "total": 558.6839632999933,
                            "count": 45801,
                            "self": 512.4349751999997,
                            "children": {
                                "SubprocessEnvManager._take_step": {
                                    "total": 45.49905589999892,
                                    "count": 45801,
                                    "self": 2.1257136000031593,
                                    "children": {
                                        "NNPolicy.evaluate": {
                                            "total": 43.37334229999576,
                                            "count": 45801,
                                            "self": 43.37334229999576
                                        }
                                    }
                                },
                                "workers": {
                                    "total": 0.7499321999946567,
                                    "count": 45800,
                                    "self": 0.0,
                                    "children": {
                                        "worker_root": {
                                            "total": 582.697254000008,
                                            "count": 45800,
                                            "is_parallel": true,
                                            "self": 177.69685520002224,
                                            "children": {
                                                "steps_from_proto": {
                                                    "total": 0.0007391000000005477,
                                                    "count": 1,
                                                    "is_parallel": true,
                                                    "self": 0.0003362999999971805,
                                                    "children": {
                                                        "_process_vector_observation": {
                                                            "total": 0.00040280000000336713,
                                                            "count": 4,
                                                            "is_parallel": true,
                                                            "self": 0.00040280000000336713
                                                        }
                                                    }
                                                },
                                                "UnityEnvironment.step": {
                                                    "total": 404.9996596999858,
                                                    "count": 45800,
                                                    "is_parallel": true,
                                                    "self": 7.870534099986344,
                                                    "children": {
                                                        "UnityEnvironment._generate_step_input": {
                                                            "total": 7.14585249999768,
                                                            "count": 45800,
                                                            "is_parallel": true,
                                                            "self": 7.14585249999768
                                                        },
                                                        "communicator.exchange": {
                                                            "total": 362.5066113000057,
                                                            "count": 45800,
                                                            "is_parallel": true,
                                                            "self": 362.5066113000057
                                                        },
                                                        "steps_from_proto": {
                                                            "total": 27.476661799996066,
                                                            "count": 45800,
                                                            "is_parallel": true,
                                                            "self": 11.23165099998576,