{
    "name": "root",
    "gauges": {
        "CarroFase01_Move.Policy.Entropy.mean": {
            "value": 1.5312880277633667,
            "min": 1.3653433322906494,
            "max": 2.1739823818206787,
            "count": 63
        },
        "CarroFase01_Move.Policy.ExtrinsicValueEstimate.mean": {
            "value": -0.48410728573799133,
            "min": -2.5780816078186035,
            "max": 1.6260815858840942,
            "count": 63
        },
        "CarroFase01_Move.Losses.ValueLoss.mean": {
            "value": 0.13442739844322205,
            "min": 0.04623086005449295,
            "max": 32.2912483215332,
            "count": 63
        },
        "CarroFase01_Move.Losses.PolicyLoss.mean": {
            "value": 0.06478341668844223,
            "min": 0.0608852282166481,
            "max": 0.0760706216096878,
            "count": 63
        },
        "CarroFase01_Move.Policy.LearningRate.mean": {
            "value": 0.00029624701710417867,
            "min": 0.00029624701710417867,
            "max": 0.00029996546800248325,
            "count": 63
        },
        "CarroFase01_Move.IsTraining.mean": {
            "value": 1.0,
            "min": 1.0,
            "max": 1.0,
            "count": 63
        },
        "CarroFase01_Move.Environment.EpisodeLength.mean": {
            "value": 4999.0,
            "min": 4999.0,
            "max": 4999.0,
            "count": 31
        },
        "CarroFase01_Move.Environment.CumulativeReward.mean": {
            "value": -51.0,
            "min": -310.0,
            "max": 136.0,
            "count": 62
        },
        "CarroFase01_Move.Policy.ExtrinsicReward.mean": {
            "value": -51.0,
            "min": -310.0,
            "max": 136.0,
            "count": 62
        }
    },
    "metadata": {
        "timer_format_version": "0.1.0",
        "start_time_seconds": "1638127112",
        "python_version": "3.7.9 (tags/v3.7.9:13c94747c7, Aug 17 2020, 18:58:18) [MSC v.1900 64 bit (AMD64)]",
        "command_line_arguments": "C:\\Users\\rafae\\AppData\\Local\\Programs\\Python\\Python37\\Scripts\\mlagents-learn D:\\UnityProjects\\Lista\\CarroMachineLearning\\Assets\\TrainingConfig\\trainer_config.yaml --run-id=CarroFase01",
        "mlagents_version": "0.16.1",
        "mlagents_envs_version": "0.16.1",
        "communication_protocol_version": "1.0.0",
        "tensorflow_version": "2.7.0",
        "end_time_seconds": "1638128516"
    },
    "total": 1404.1692873,
    "count": 1,
    "self": 1.0833061999999245,
    "children": {
        "run_training.setup": {
            "total": 0.011111800000000116,
            "count": 1,
            "self": 0.011111800000000116
        },
        "TrainerController.start_learning": {
            "total": 1403.0748693,
            "count": 1,
            "self": 55.7249131000101,
            "children": {
                "TrainerController._reset_env": {
                    "total": 10.4814793,
                    "count": 1,
                    "self": 10.4814793
                },
                "TrainerController.advance": {
                    "total": 1334.16047489999,
                    "count": 159551,
                    "self": 2.2852862999952777,
                    "children": {
                        "env_step": {
                            "total": 1331.8751885999948,
                            "count": 159551,
                            "self": 1194.9653506000004,
                            "children": {
                                "SubprocessEnvManager._take_step": {
                                    "total": 134.5801955999811,
                                    "count": 159551,
                                    "self": 5.289450999964117,
                                    "children": {
                                        "NNPolicy.evaluate": {
                                            "total": 129.29074460001698,
                                            "count": 159551,
                                            "self": 129.29074460001698
                                        }
                                    }
                                },
                                "workers": {
                                    "total": 2.3296424000133023,
                                    "count": 159550,
                                    "self": 0.0,
                                    "children": {
                                        "worker_root": {
                                            "total": 1386.3676596999935,
                                            "count": 159550,
                                            "is_parallel": true,
                                            "self": 423.70258479997983,
                                            "children": {
                                                "steps_from_proto": {
                                                    "total": 0.000706400000000329,
                                                    "count": 1,
                                                    "is_parallel": true,
                                                    "self": 0.0003119000000015859,
                                                    "children": {
                                                        "_process_vector_observation": {
                                                            "total": 0.0003944999999987431,
                                                            "count": 4,
                                                            "is_parallel": true,
                                                            "self": 0.0003944999999987431
                                                        }
                                                    }
                                                },
                                                "UnityEnvironment.step": {
                                                    "total": 962.6643685000137,
                                                    "count": 159550,
                                                    "is_parallel": true,
                                                    "self": 18.24138940000057,
                                                    "children": {
                                                        "UnityEnvironment._generate_step_input": {
                                                            "total": 13.822789000002398,
                                                            "count": 159550,
                                                            "is_parallel": true,
                                                            "self": 13.822789000002398
                                                        },
                                                        "communicator.exchange": {
                                                            "total": 862.9902248000335,
                                                            "count": 159550,
                                                            "is_parallel": true,
                                                            "self": 862.9902248000335
                                                        },
                                                        "steps_from_proto": {
                                                            "total": 67.60996529997715,
                                                            "count": 159550,
                                                            "is_parallel": true,
                                                            "self": 33.35338569996232,
                                                            "children": {
                                                                "_process_vector_observation": {
                                                                    "total": 34.25657960001483,