{
    "name": "root",
    "gauges": {
        "CarroFase01v6_Move.Policy.Entropy.mean": {
            "value": 1.3711943626403809,
            "min": 0.6768197417259216,
            "max": 1.8108391761779785,
            "count": 70
        },
        "CarroFase01v6_Move.Policy.ExtrinsicValueEstimate.mean": {
            "value": 2.8606173992156982,
            "min": -3.286813497543335,
            "max": 23.693098068237305,
            "count": 70
        },
        "CarroFase01v6_Move.Losses.ValueLoss.mean": {
            "value": 69.01044464111328,
            "min": 6.41434383392334,
            "max": 1113.949462890625,
            "count": 70
        },
        "CarroFase01v6_Move.Losses.PolicyLoss.mean": {
            "value": 0.06820429861545563,
            "min": 0.05769429728388786,
            "max": 0.07675477117300034,
            "count": 70
        },
        "CarroFase01v6_Move.Policy.LearningRate.mean": {
            "value": 0.0002958298719022423,
            "min": 0.0002958298719022423,
            "max": 0.00029996834928169847,
            "count": 70
        },
        "CarroFase01v6_Move.IsTraining.mean": {
            "value": 1.0,
            "min": 1.0,
            "max": 1.0,
            "count": 70
        },
        "CarroFase01v6_Move.Environment.EpisodeLength.mean": {
            "value": 1999.0,
            "min": 1999.0,
            "max": 1999.0,
            "count": 31
        },
        "CarroFase01v6_Move.Environment.CumulativeReward.mean": {
            "value": 571.4760169231079,
            "min": -466.33915586905044,
            "max": 702.7906959254972,
            "count": 37
        },
        "CarroFase01v6_Move.Policy.ExtrinsicReward.mean": {
            "value": 571.4760169231079,
            "min": -466.33915586905044,
            "max": 702.7906959254972,
            "count": 37
        }
    },
    "metadata": {
        "timer_format_version": "0.1.0",
        "start_time_seconds": "1638179193",
        "python_version": "3.7.9 (tags/v3.7.9:13c94747c7, Aug 17 2020, 18:58:18) [MSC v.1900 64 bit (AMD64)]",
        "command_line_arguments": "C:\\Users\\rafae\\AppData\\Local\\Programs\\Python\\Python37\\Scripts\\mlagents-learn D:\\UnityProjects\\Lista\\CarroMachineLearning\\Assets\\TrainingConfig\\trainer_config.yaml --initialize-from=CarroFase01v5 --run-id=CarroFase01v6",
        "mlagents_version": "0.16.1",
        "mlagents_envs_version": "0.16.1",
        "communication_protocol_version": "1.0.0",
        "tensorflow_version": "2.7.0",
        "end_time_seconds": "1638179846"
    },
    "total": 652.4079562999999,
    "count": 1,
    "self": 0.001241299999946932,
    "children": {
        "run_training.setup": {
            "total": 0.008188500000000154,
            "count": 1,
            "self": 0.008188500000000154
        },
        "TrainerController.start_learning": {
            "total": 652.3985265,
            "count": 1,
            "self": 31.699923799987005,
            "children": {
                "TrainerController._reset_env": {
                    "total": 16.4624199,
                    "count": 1,
                    "self": 16.4624199
                },
                "TrainerController.advance": {
                    "total": 603.2372411000131,
                    "count": 64044,
                    "self": 1.0255439000114848,
                    "children": {
                        "env_step": {
                            "total": 602.2116972000016,
                            "count": 64044,
                            "self": 540.7420199000128,
                            "children": {
                                "SubprocessEnvManager._take_step": {
                                    "total": 60.475775499994455,
                                    "count": 64044,
                                    "self": 2.638310800013116,
                                    "children": {
                                        "NNPolicy.evaluate": {
                                            "total": 57.83746469998134,
                                            "count": 64044,
                                            "self": 57.83746469998134
                                        }
                                    }
                                },
                                "workers": {
                                    "total": 0.9939017999943047,
                                    "count": 64043,
                                    "self": 0.0,
                                    "children": {
                                        "worker_root": {
                                            "total": 633.3254554000016,
                                            "count": 64043,
                                            "is_parallel": true,
                                            "self": 234.5084945999974,
                                            "children": {
                                                "steps_from_proto": {
                                                    "total": 0.0007572000000024559,
                                                    "count": 1,
                                                    "is_parallel": true,
                                                    "self": 0.00028670000000730056,
                                                    "children": {
                                                        "_process_vector_observation": {
                                                            "total": 0.00047049999999515535,
                                                            "count": 4,
                                                            "is_parallel": true,
                                                            "self": 0.00047049999999515535
                                                        }
                                                    }
                                                },
                                                "UnityEnvironment.step": {
                                                    "total": 398.8162036000042,
                                                    "count": 64043,
                                                    "is_parallel": true,
                                                    "self": 10.340680900003576,
                                                    "children": {
                                                        "UnityEnvironment._generate_step_input": {
                                                            "total": 9.377479400000105,
                                                            "count": 64043,
                                                            "is_parallel": true,
                                                            "self": 9.377479400000105
                                                        },
                                                        "communicator.exchange": {
                                                            "total": 343.7922006999951,
                                                            "count": 64043,
                                                            "is_parallel": true,
                                                            "self": 343.7922006999951
                                                        },
                                                        "steps_from_proto": {
                                                            "total": 35.30584260000546,
                                                            "count": 64043,
                                                            "is_parallel": true,
                                                            "self": 14.518402699993725,