Steps,Policy/Extrinsic Value Estimate,Policy/Entropy,Losses/Value Loss,Losses/Policy Loss,Policy/Learning Rate,Environment/Episode Length,Environment/Cumulative Reward,Policy/Extrinsic Reward,Is Training
30000,3.4401045,0.80380183,210.93034,0.06965378,0.0002998471,1999.0,66.39068303799087,66.39068303799087,1.0
40000,-0.14099415,1.1464415,123.54843,0.076437354,0.00029978988,None,None,None,1.0
50000,2.538306,0.8495552,159.13991,0.06779958,0.00029973223,1999.0,87.58027706904845,87.58027706904845,1.0
