Steps,Policy/Entropy,Policy/Extrinsic Value Estimate,Losses/Value Loss,Losses/Policy Loss,Policy/Learning Rate,Environment/Episode Length,Environment/Cumulative Reward,Policy/Extrinsic Reward,Is Training
10000,2.1941543,-0.12347145,3.6271603,0.05924125,0.0002999685,4999.0,-310.0,-310.0,1.0
20000,2.1901758,-0.16383906,1.0433013,0.06429782,0.0002999122,3059.0,-37.5,-37.5,1.0
30000,2.186479,-0.10024017,0.064821675,0.055061,0.00029984958,3249.6666666666665,-10.0,-10.0,1.0
40000,2.1867723,-0.070214994,0.028167158,0.06284775,0.00029978674,3689.6666666666665,-10.0,-10.0,1.0
50000,2.183685,-0.07988082,0.06812939,0.054566644,0.00029973037,3273.0,-10.0,-10.0,1.0
