{
    "name": "root",
    "gauges": {
        "CarroFase03v2_Move.Policy.Entropy.mean": {
            "value": 0.4508475661277771,
            "min": 0.03259509056806564,
            "max": 1.0593807697296143,
            "count": 86
        },
        "CarroFase03v2_Move.Policy.ExtrinsicValueEstimate.mean": {
            "value": 102.0486831665039,
            "min": -66.7591781616211,
            "max": 102.15280151367188,
            "count": 86
        },
        "CarroFase03v2_Move.Losses.ValueLoss.mean": {
            "value": 9523.572265625,
            "min": 36.3023796081543,
            "max": 11043.6513671875,
            "count": 86
        },
        "CarroFase03v2_Move.Losses.PolicyLoss.mean": {
            "value": 0.06279610097408295,
            "min": 0.060540683567523956,
            "max": 0.07607909291982651,
            "count": 86
        },
        "CarroFase03v2_Move.Policy.LearningRate.mean": {
            "value": 0.0002948695619124919,
            "min": 0.0002948695619124919,
            "max": 0.00029996834928169847,
            "count": 86
        },
        "CarroFase03v2_Move.IsTraining.mean": {
            "value": 1.0,
            "min": 1.0,
            "max": 1.0,
            "count": 86
        },
        "CarroFase03v2_Move.Environment.EpisodeLength.mean": {
            "value": 2999.0,
            "min": 2999.0,
            "max": 2999.0,
            "count": 26
        },
        "CarroFase03v2_Move.Environment.CumulativeReward.mean": {
            "value": 5685.023559453813,
            "min": -1053.3370033218102,
            "max": 5685.023559453813,
            "count": 28
        },
        "CarroFase03v2_Move.Policy.ExtrinsicReward.mean": {
            "value": 5685.023559453813,
            "min": -1053.3370033218102,
            "max": 5685.023559453813,
            "count": 28
        }
    },
    "metadata": {
        "timer_format_version": "0.1.0",
        "start_time_seconds": "1638185790",
        "python_version": "3.7.9 (tags/v3.7.9:13c94747c7, Aug 17 2020, 18:58:18) [MSC v.1900 64 bit (AMD64)]",
        "command_line_arguments": "C:\\Users\\rafae\\AppData\\Local\\Programs\\Python\\Python37\\Scripts\\mlagents-learn D:\\UnityProjects\\Lista\\CarroMachineLearning\\Assets\\TrainingConfig\\trainer_config.yaml --initialize-from=CarroFase03v1 --run-id=CarroFase03v2",
        "mlagents_version": "0.16.1",
        "mlagents_envs_version": "0.16.1",
        "communication_protocol_version": "1.0.0",
        "tensorflow_version": "2.7.0",
        "end_time_seconds": "1638186870"
    },
    "total": 1079.6526508,
    "count": 1,
    "self": 0.000624900000048001,
    "children": {
        "run_training.setup": {
            "total": 0.007259099999999741,
            "count": 1,
            "self": 0.007259099999999741
        },
        "TrainerController.start_learning": {
            "total": 1079.6447667999998,
            "count": 1,
            "self": 40.942576100007955,
            "children": {
                "TrainerController._reset_env": {
                    "total": 50.9866543,
                    "count": 1,
                    "self": 50.9866543
                },
                "TrainerController.advance": {
                    "total": 987.007265499992,
                    "count": 79134,
                    "self": 1.3195305999960283,
                    "children": {
                        "env_step": {
                            "total": 985.6877348999959,
                            "count": 79134,
                            "self": 908.206001399989,
                            "children": {
                                "SubprocessEnvManager._take_step": {
                                    "total": 76.17733080001025,
                                    "count": 79134,
                                    "self": 3.4921696000174762,
                                    "children": {
                                        "NNPolicy.evaluate": {
                                            "total": 72.68516119999278,
                                            "count": 79134,
                                            "self": 72.68516119999278
                                        }
                                    }
                                },
                                "workers": {
                                    "total": 1.3044026999967357,
                                    "count": 79133,
                                    "self": 0.0,
                                    "children": {
                                        "worker_root": {
                                            "total": 1025.3073895000061,
                                            "count": 79133,
                                            "is_parallel": true,
                                            "self": 299.87944820000007,
                                            "children": {
                                                "steps_from_proto": {
                                                    "total": 0.0006900999999999158,
                                                    "count": 1,
                                                    "is_parallel": true,
                                                    "self": 0.00027399999999744296,
                                                    "children": {
                                                        "_process_vector_observation": {
                                                            "total": 0.0004161000000024728,
                                                            "count": 4,
                                                            "is_parallel": true,
                                                            "self": 0.0004161000000024728
                                                        }
                                                    }
                                                },
                                                "UnityEnvironment.step": {
                                                    "total": 725.427251200006,
                                                    "count": 79133,
                                                    "is_parallel": true,
                                                    "self": 13.530488299986814,
                                                    "children": {
                                                        "UnityEnvironment._generate_step_input": {
                                                            "total": 12.03825250000925,
                                                            "count": 79133,
                                                            "is_parallel": true,
                                                            "self": 12.03825250000925
                                                        },
                                                        "communicator.exchange": {
                                                            "total": 653.1260368000277,
                                                            "count": 79133,
                                                            "is_parallel": true,
                                                            "self": 653.1260368000277
                                                        },
                                                        "steps_from_proto": {
                                                            "total": 46.732473599982264,
                                                            "count": 79133,
                                                            "is_parallel": true,
                                                            "self": 19.120906700047477,