{
    "name": "root",
    "gauges": {
        "CarroFase04_Move.Policy.Entropy.mean": {
            "value": 1.1874099969863892,
            "min": 1.0757442712783813,
            "max": 2.177910566329956,
            "count": 20
        },
        "CarroFase04_Move.Policy.ExtrinsicValueEstimate.mean": {
            "value": 0.759352445602417,
            "min": -1.4991414546966553,
            "max": 0.8441063761711121,
            "count": 20
        },
        "CarroFase04_Move.Losses.ValueLoss.mean": {
            "value": 35.974639892578125,
            "min": 1.7323009967803955,
            "max": 49.335357666015625,
            "count": 20
        },
        "CarroFase04_Move.Losses.PolicyLoss.mean": {
            "value": 0.07338355481624603,
            "min": 0.0610051229596138,
            "max": 0.07338355481624603,
            "count": 20
        },
        "CarroFase04_Move.Policy.LearningRate.mean": {
            "value": 0.0002988344058394432,
            "min": 0.0002988344058394432,
            "max": 0.00029996849480085075,
            "count": 20
        },
        "CarroFase04_Move.Environment.EpisodeLength.mean": {
            "value": 4999.0,
            "min": 4999.0,
            "max": 4999.0,
            "count": 20
        },
        "CarroFase04_Move.Environment.CumulativeReward.mean": {
            "value": 270.5,
            "min": -398.5,
            "max": 270.5,
            "count": 20
        },
        "CarroFase04_Move.Policy.ExtrinsicReward.mean": {
            "value": 270.5,
            "min": -398.5,
            "max": 270.5,
            "count": 20
        },
        "CarroFase04_Move.IsTraining.mean": {
            "value": 1.0,
            "min": 1.0,
            "max": 1.0,
            "count": 20
        }
    },
    "metadata": {
        "timer_format_version": "0.1.0",
        "start_time_seconds": "1638144818",
        "python_version": "3.7.9 (tags/v3.7.9:13c94747c7, Aug 17 2020, 18:58:18) [MSC v.1900 64 bit (AMD64)]",
        "command_line_arguments": "C:\\Users\\rafae\\AppData\\Local\\Programs\\Python\\Python37\\Scripts\\mlagents-learn D:\\UnityProjects\\Lista\\CarroMachineLearning\\Assets\\TrainingConfig\\trainer_config.yaml --run-id=CarroFase04",
        "mlagents_version": "0.16.1",
        "mlagents_envs_version": "0.16.1",
        "communication_protocol_version": "1.0.0",
        "tensorflow_version": "2.7.0",
        "end_time_seconds": "1638146389"
    },
    "total": 1570.9550962,
    "count": 1,
    "self": 0.0032370999999784544,
    "children": {
        "run_training.setup": {
            "total": 0.015633399999999575,
            "count": 1,
            "self": 0.015633399999999575
        },
        "TrainerController.start_learning": {
            "total": 1570.9362257,
            "count": 1,
            "self": 68.4140409999934,
            "children": {
                "TrainerController._reset_env": {
                    "total": 22.7193554,
                    "count": 1,
                    "self": 22.7193554
                },
                "TrainerController.advance": {
                    "total": 1476.4254959000066,
                    "count": 204701,
                    "self": 3.0599068000112766,
                    "children": {
                        "env_step": {
                            "total": 1473.3655890999953,
                            "count": 204701,
                            "self": 1303.1035920000063,
                            "children": {
                                "SubprocessEnvManager._take_step": {
                                    "total": 167.16332290001026,
                                    "count": 204701,
                                    "self": 6.985442900012288,
                                    "children": {
                                        "NNPolicy.evaluate": {
                                            "total": 160.17787999999797,
                                            "count": 204701,
                                            "self": 160.17787999999797
                                        }
                                    }
                                },
                                "workers": {
                                    "total": 3.0986741999786993,
                                    "count": 204700,
                                    "self": 0.0,
                                    "children": {
                                        "worker_root": {
                                            "total": 1541.2954364999646,
                                            "count": 204700,
                                            "is_parallel": true,
                                            "self": 490.89658819997135,
                                            "children": {
                                                "steps_from_proto": {
                                                    "total": 0.0006573000000003049,
                                                    "count": 1,
                                                    "is_parallel": true,
                                                    "self": 0.00037820000000010623,
                                                    "children": {
                                                        "_process_vector_observation": {
                                                            "total": 0.00027910000000019863,
                                                            "count": 4,
                                                            "is_parallel": true,
                                                            "self": 0.00027910000000019863
                                                        }
                                                    }
                                                },
                                                "UnityEnvironment.step": {
                                                    "total": 1050.3981909999932,
                                                    "count": 204700,
                                                    "is_parallel": true,
                                                    "self": 19.772110199929784,
                                                    "children": {
                                                        "UnityEnvironment._generate_step_input": {
                                                            "total": 14.22542950005651,
                                                            "count": 204700,
                                                            "is_parallel": true,
                                                            "self": 14.22542950005651
                                                        },
                                                        "communicator.exchange": {
                                                            "total": 940.625920999983,
                                                            "count": 204700,
                                                            "is_parallel": true,
                                                            "self": 940.625920999983
                                                        },
                                                        "steps_from_proto": {
                                                            "total": 75.77473030002395,
                                                            "count": 204700,
                                                            "is_parallel": true,
                                                            "self": 42.39137150008321,
                                                            "children": {
                                                                "_process_vector_observation": {
                                                                    "total": 33.38335879994074,