{
    "name": "root",
    "gauges": {
        "CarroFase04v3_Move.Policy.Entropy.mean": {
            "value": 0.5671018958091736,
            "min": 0.5671018958091736,
            "max": 2.0140280723571777,
            "count": 34
        },
        "CarroFase04v3_Move.Policy.ExtrinsicValueEstimate.mean": {
            "value": -4.605527877807617,
            "min": -41.32009506225586,
            "max": -2.5297703742980957,
            "count": 34
        },
        "CarroFase04v3_Move.Losses.ValueLoss.mean": {
            "value": 1315.002685546875,
            "min": 1.8377952575683594,
            "max": 1315.002685546875,
            "count": 34
        },
        "CarroFase04v3_Move.Losses.PolicyLoss.mean": {
            "value": 0.06406597793102264,
            "min": 0.06111857295036316,
            "max": 0.07611975818872452,
            "count": 34
        },
        "CarroFase04v3_Move.Policy.LearningRate.mean": {
            "value": 0.0002979883283842355,
            "min": 0.0002979883283842355,
            "max": 0.00029996834928169847,
            "count": 34
        },
        "CarroFase04v3_Move.IsTraining.mean": {
            "value": 1.0,
            "min": 1.0,
            "max": 1.0,
            "count": 34
        },
        "CarroFase04v3_Move.Environment.EpisodeLength.mean": {
            "value": 4999.0,
            "min": 4999.0,
            "max": 4999.0,
            "count": 6
        },
        "CarroFase04v3_Move.Environment.CumulativeReward.mean": {
            "value": 1159.4711429327726,
            "min": -1446.398609355092,
            "max": 1159.4711429327726,
            "count": 9
        },
        "CarroFase04v3_Move.Policy.ExtrinsicReward.mean": {
            "value": 1159.4711429327726,
            "min": -1446.398609355092,
            "max": 1159.4711429327726,
            "count": 9
        }
    },
    "metadata": {
        "timer_format_version": "0.1.0",
        "start_time_seconds": "1638152441",
        "python_version": "3.7.9 (tags/v3.7.9:13c94747c7, Aug 17 2020, 18:58:18) [MSC v.1900 64 bit (AMD64)]",
        "command_line_arguments": "C:\\Users\\rafae\\AppData\\Local\\Programs\\Python\\Python37\\Scripts\\mlagents-learn D:\\UnityProjects\\Lista\\CarroMachineLearning\\Assets\\TrainingConfig\\trainer_config.yaml --initialize-from=CarroFase04v2 --run-id=CarroFase04v3",
        "mlagents_version": "0.16.1",
        "mlagents_envs_version": "0.16.1",
        "communication_protocol_version": "1.0.0",
        "tensorflow_version": "2.7.0",
        "end_time_seconds": "1638152931"
    },
    "total": 489.3156611,
    "count": 1,
    "self": 0.0017037000000073022,
    "children": {
        "run_training.setup": {
            "total": 0.009173200000000215,
            "count": 1,
            "self": 0.009173200000000215
        },
        "TrainerController.start_learning": {
            "total": 489.3047842,
            "count": 1,
            "self": 14.285011099999679,
            "children": {
                "TrainerController._reset_env": {
                    "total": 14.6805554,
                    "count": 1,
                    "self": 14.6805554
                },
                "TrainerController.advance": {
                    "total": 459.94711420000027,
                    "count": 31042,
                    "self": 0.4665994000013143,
                    "children": {
                        "env_step": {
                            "total": 459.48051479999896,
                            "count": 31042,
                            "self": 431.01636119999466,
                            "children": {
                                "SubprocessEnvManager._take_step": {
                                    "total": 27.997767600002938,
                                    "count": 31042,
                                    "self": 1.2063810000002597,
                                    "children": {
                                        "NNPolicy.evaluate": {
                                            "total": 26.791386600002678,
                                            "count": 31042,
                                            "self": 26.791386600002678
                                        }
                                    }
                                },
                                "workers": {
                                    "total": 0.4663860000013784,
                                    "count": 31041,
                                    "self": 0.0,
                                    "children": {
                                        "worker_root": {
                                            "total": 472.99255810000165,
                                            "count": 31041,
                                            "is_parallel": true,
                                            "self": 105.27904750000215,
                                            "children": {
                                                "steps_from_proto": {
                                                    "total": 0.0008796999999987065,
                                                    "count": 1,
                                                    "is_parallel": true,
                                                    "self": 0.0003679999999981476,
                                                    "children": {
                                                        "_process_vector_observation": {
                                                            "total": 0.0005117000000005589,
                                                            "count": 4,
                                                            "is_parallel": true,
                                                            "self": 0.0005117000000005589
                                                        }
                                                    }
                                                },
                                                "UnityEnvironment.step": {
                                                    "total": 367.7126308999995,
                                                    "count": 31041,
                                                    "is_parallel": true,
                                                    "self": 4.820808100000477,
                                                    "children": {
                                                        "UnityEnvironment._generate_step_input": {
                                                            "total": 4.347398000000638,
                                                            "count": 31041,
                                                            "is_parallel": true,
                                                            "self": 4.347398000000638
                                                        },
                                                        "communicator.exchange": {
                                                            "total": 341.58284369999603,
                                                            "count": 31041,
                                                            "is_parallel": true,
                                                            "self": 341.58284369999603
                                                        },
                                                        "steps_from_proto": {
                                                            "total": 16.96158110000237,
                                                            "count": 31041,
                                                            "is_parallel": true,
                                                            "self": 6.963878200009134,