Steps,Policy/Entropy,Environment/Episode Length,Policy/Extrinsic Value Estimate,Environment/Cumulative Reward,Policy/Extrinsic Reward,Losses/Value Loss,Losses/Policy Loss,Policy/Learning Rate,Is Training
10000,2.127111,74.67424242424242,0.46985742,67.24242424242425,67.24242424242425,369.1692,0.08012983,0.00029996867,1.0
20000,1.774316,64.0,3.165194,133.12987012987014,133.12987012987014,1578.6072,0.067015685,0.00029991227,1.0
