{
    "name": "root",
    "gauges": {
        "Test02_Move.Policy.Entropy.mean": {
            "value": 1.4721770286560059,
            "min": 1.4252638816833496,
            "max": 2.183089256286621,
            "count": 12
        },
        "Test02_Move.Policy.ExtrinsicValueEstimate.mean": {
            "value": -0.1841970533132553,
            "min": -2.559220314025879,
            "max": -0.08791617304086685,
            "count": 12
        },
        "Test02_Move.Losses.ValueLoss.mean": {
            "value": 0.5672891736030579,
            "min": 0.4049936830997467,
            "max": 17.789081573486328,
            "count": 12
        },
        "Test02_Move.Losses.PolicyLoss.mean": {
            "value": 0.06613859534263611,
            "min": 0.06124253198504448,
            "max": 0.0778588205575943,
            "count": 12
        },
        "Test02_Move.Policy.LearningRate.mean": {
            "value": 0.0002993105736095458,
            "min": 0.0002993105736095458,
            "max": 0.00029996849480085075,
            "count": 12
        },
        "Test02_Move.Environment.EpisodeLength.mean": {
            "value": 4999.0,
            "min": 4999.0,
            "max": 4999.0,
            "count": 12
        },
        "Test02_Move.Environment.CumulativeReward.mean": {
            "value": -0.5,
            "min": -841.0,
            "max": 18.0,
            "count": 12
        },
        "Test02_Move.Policy.ExtrinsicReward.mean": {
            "value": -0.5,
            "min": -841.0,
            "max": 18.0,
            "count": 12
        },
        "Test02_Move.IsTraining.mean": {
            "value": 1.0,
            "min": 1.0,
            "max": 1.0,
            "count": 12
        }
    },
    "metadata": {
        "timer_format_version": "0.1.0",
        "start_time_seconds": "1638121597",
        "python_version": "3.7.9 (tags/v3.7.9:13c94747c7, Aug 17 2020, 18:58:18) [MSC v.1900 64 bit (AMD64)]",
        "command_line_arguments": "C:\\Users\\rafae\\AppData\\Local\\Programs\\Python\\Python37\\Scripts\\mlagents-learn D:\\UnityProjects\\Lista\\CarroMachineLearning\\Assets\\TrainingConfig\\trainer_config.yaml --run-id=Test02",
        "mlagents_version": "0.16.1",
        "mlagents_envs_version": "0.16.1",
        "communication_protocol_version": "1.0.0",
        "tensorflow_version": "2.7.0",
        "end_time_seconds": "1638122815"
    },
    "total": 1217.3758183,
    "count": 1,
    "self": 0.026844600000003993,
    "children": {
        "run_training.setup": {
            "total": 0.018337100000000106,
            "count": 1,
            "self": 0.018337100000000106
        },
        "TrainerController.start_learning": {
            "total": 1217.3306366,
            "count": 1,
            "self": 55.93643060000568,
            "children": {
                "TrainerController._reset_env": {
                    "total": 11.324770200000001,
                    "count": 1,
                    "self": 11.324770200000001
                },
                "TrainerController.advance": {
                    "total": 1148.002614399994,
                    "count": 123417,
                    "self": 2.4650346999906105,
                    "children": {
                        "env_step": {
                            "total": 1145.5375797000033,
                            "count": 123417,
                            "self": 1008.633905999993,
                            "children": {
                                "SubprocessEnvManager._take_step": {
                                    "total": 134.552331800002,
                                    "count": 123417,
                                    "self": 6.020158099976243,
                                    "children": {
                                        "NNPolicy.evaluate": {
                                            "total": 128.53217370002577,
                                            "count": 123417,
                                            "self": 128.53217370002577
                                        }
                                    }
                                },
                                "workers": {
                                    "total": 2.3513419000083537,
                                    "count": 123416,
                                    "self": 0.0,
                                    "children": {
                                        "worker_root": {
                                            "total": 1200.4557298999866,
                                            "count": 123416,
                                            "is_parallel": true,
                                            "self": 405.4562497999707,
                                            "children": {
                                                "steps_from_proto": {
                                                    "total": 0.0005245999999985429,
                                                    "count": 1,
                                                    "is_parallel": true,
                                                    "self": 0.00025419999999876097,
                                                    "children": {
                                                        "_process_vector_observation": {
                                                            "total": 0.0002703999999997819,
                                                            "count": 4,
                                                            "is_parallel": true,
                                                            "self": 0.0002703999999997819
                                                        }
                                                    }
                                                },
                                                "UnityEnvironment.step": {
                                                    "total": 794.998955500016,
                                                    "count": 123416,
                                                    "is_parallel": true,
                                                    "self": 15.175690500029418,
                                                    "children": {
                                                        "UnityEnvironment._generate_step_input": {
                                                            "total": 11.085082800007623,
                                                            "count": 123416,
                                                            "is_parallel": true,
                                                            "self": 11.085082800007623
                                                        },
                                                        "communicator.exchange": {
                                                            "total": 712.8601636999756,
                                                            "count": 123416,
                                                            "is_parallel": true,
                                                            "self": 712.8601636999756
                                                        },
                                                        "steps_from_proto": {
                                                            "total": 55.87801850000338,
                                                            "count": 123416,
                                                            "is_parallel": true,
                                                            "self": 31.089578100003887,
                                                            "children": {
                                                                "_process_vector_observation": {
                                                                    "total": 24.78844039999949,
                                                                    "count": 493664,