{
    "name": "root",
    "metadata": {
        "timer_format_version": "0.1.0",
        "start_time_seconds": "1638119905",
        "python_version": "3.7.9 (tags/v3.7.9:13c94747c7, Aug 17 2020, 18:58:18) [MSC v.1900 64 bit (AMD64)]",
        "command_line_arguments": "C:\\Users\\rafae\\AppData\\Local\\Programs\\Python\\Python37\\Scripts\\mlagents-learn D:\\UnityProjects\\Lista\\CarroMachineLearning\\Assets\\TrainingConfig\\trainer_config.yaml --run-id=Test04",
        "mlagents_version": "0.16.1",
        "mlagents_envs_version": "0.16.1",
        "communication_protocol_version": "1.0.0",
        "tensorflow_version": "2.7.0",
        "end_time_seconds": "1638119963"
    },
    "total": 58.0161746,
    "count": 1,
    "self": 0.0007390999999969949,
    "children": {
        "run_training.setup": {
            "total": 0.011484499999999898,
            "count": 1,
            "self": 0.011484499999999898
        },
        "TrainerController.start_learning": {
            "total": 58.003951,
            "count": 1,
            "self": 3.713785300000083,
            "children": {
                "TrainerController._reset_env": {
                    "total": 14.676059799999997,
                    "count": 1,
                    "self": 14.676059799999997
                },
                "TrainerController.advance": {
                    "total": 39.07444859999992,
                    "count": 5067,
                    "self": 0.08117239999961612,
                    "children": {
                        "env_step": {
                            "total": 38.9932762000003,
                            "count": 5067,
                            "self": 34.22211660000069,
                            "children": {
                                "SubprocessEnvManager._take_step": {
                                    "total": 4.69208029999988,
                                    "count": 5067,
                                    "self": 0.1931254999997556,
                                    "children": {
                                        "NNPolicy.evaluate": {
                                            "total": 4.498954800000124,
                                            "count": 5067,
                                            "self": 4.498954800000124
                                        }
                                    }
                                },
                                "workers": {
                                    "total": 0.07907929999973717,
                                    "count": 5066,
                                    "self": 0.0,
                                    "children": {
                                        "worker_root": {
                                            "total": 42.32336500000016,
                                            "count": 5066,
                                            "is_parallel": true,
                                            "self": 14.813408800000346,
                                            "children": {
                                                "steps_from_proto": {
                                                    "total": 0.0006797999999985649,
                                                    "count": 1,
                                                    "is_parallel": true,
                                                    "self": 0.00030099999999677607,
                                                    "children": {
                                                        "_process_vector_observation": {
                                                            "total": 0.0003788000000017888,
                                                            "count": 4,
                                                            "is_parallel": true,
                                                            "self": 0.0003788000000017888
                                                        }
                                                    }
                                                },
                                                "UnityEnvironment.step": {
                                                    "total": 27.509276399999816,
                                                    "count": 5066,
                                                    "is_parallel": true,
                                                    "self": 0.518025999999729,
                                                    "children": {
                                                        "UnityEnvironment._generate_step_input": {
                                                            "total": 0.3720115999998903,
                                                            "count": 5066,
                                                            "is_parallel": true,
                                                            "self": 0.3720115999998903
                                                        },
                                                        "communicator.exchange": {
                                                            "total": 24.64694820000027,
                                                            "count": 5066,
                                                            "is_parallel": true,
                                                            "self": 24.64694820000027
                                                        },
                                                        "steps_from_proto": {
                                                            "total": 1.9722905999999263,
                                                            "count": 5066,
                                                            "is_parallel": true,
                                                            "self": 1.1088898999994967,
                                                            "children": {
                                                                "_process_vector_observation": {
                                                                    "total": 0.8634007000004296,
                                                                    "count": 20264,
                                                                    "is_parallel": true,
                                                                    "self": 0.8634007000004296
                                                                }
                                                            }
                                                        }
                                                    }
                                                }
                                            }
                                        }
                                    }
                                }
                            }
                        }
                    }
                },
                "trainer_threads": {
                    "total": 3.749999999769216e-05,
                    "count": 1,
                    "self": 3.749999999769216e-05,
                    "children": {
                        "thread_root": {
                            "total": 0.0,
                            "count": 0,
                            "is_parallel": true,
                            "self": 0.0,
                            "children": {
                                "trainer_advance": {
                                    "total": 40.80052630000002,
                                    "count": 2633,
                                    "is_parallel": true,
                                    "self": 0.17431729999998424,
                                    "children": {
                                        "process_trajectory": {
                                            "total": 39.59358920000004,
                                            "count": 2633,