{
    "name": "root",
    "gauges": {
        "Test00_Move.Policy.Entropy.mean": {
            "value": 2.1205573081970215,
            "min": 2.1205573081970215,
            "max": 2.1205573081970215,
            "count": 1
        },
        "Test00_Move.Policy.ExtrinsicValueEstimate.mean": {
            "value": -0.19911935925483704,
            "min": -0.19911935925483704,
            "max": -0.19911935925483704,
            "count": 1
        },
        "Test00_Move.Environment.EpisodeLength.mean": {
            "value": 99.0,
            "min": 99.0,
            "max": 99.0,
            "count": 1
        },
        "Test00_Move.Environment.CumulativeReward.mean": {
            "value": -4.040404040404041,
            "min": -4.040404040404041,
            "max": -4.040404040404041,
            "count": 1
        },
        "Test00_Move.Policy.ExtrinsicReward.mean": {
            "value": -4.040404040404041,
            "min": -4.040404040404041,
            "max": -4.040404040404041,
            "count": 1
        },
        "Test00_Move.Losses.ValueLoss.mean": {
            "value": 4.008064270019531,
            "min": 4.008064270019531,
            "max": 4.008064270019531,
            "count": 1
        },
        "Test00_Move.Losses.PolicyLoss.mean": {
            "value": 0.06469833850860596,
            "min": 0.06469833850860596,
            "max": 0.06469833850860596,
            "count": 1
        },
        "Test00_Move.Policy.LearningRate.mean": {
            "value": 0.00029996875673532486,
            "min": 0.00029996875673532486,
            "max": 0.00029996875673532486,
            "count": 1
        },
        "Test00_Move.IsTraining.mean": {
            "value": 1.0,
            "min": 1.0,
            "max": 1.0,
            "count": 1
        }
    },
    "metadata": {
        "timer_format_version": "0.1.0",
        "start_time_seconds": "1638121118",
        "python_version": "3.7.9 (tags/v3.7.9:13c94747c7, Aug 17 2020, 18:58:18) [MSC v.1900 64 bit (AMD64)]",
        "command_line_arguments": "C:\\Users\\rafae\\AppData\\Local\\Programs\\Python\\Python37\\Scripts\\mlagents-learn D:\\UnityProjects\\Lista\\CarroMachineLearning\\Assets\\TrainingConfig\\trainer_config.yaml --run-id=Test00",
        "mlagents_version": "0.16.1",
        "mlagents_envs_version": "0.16.1",
        "communication_protocol_version": "1.0.0",
        "tensorflow_version": "2.7.0",
        "end_time_seconds": "1638121243"
    },
    "total": 125.7205175,
    "count": 1,
    "self": 0.001069899999990298,
    "children": {
        "run_training.setup": {
            "total": 0.01024029999999998,
            "count": 1,
            "self": 0.01024029999999998
        },
        "TrainerController.start_learning": {
            "total": 125.7092073,
            "count": 1,
            "self": 6.582198799999389,
            "children": {
                "TrainerController._reset_env": {
                    "total": 11.443061700000001,
                    "count": 1,
                    "self": 11.443061700000001
                },
                "TrainerController.advance": {
                    "total": 107.2283718000006,
                    "count": 13101,
                    "self": 0.20131010000058325,
                    "children": {
                        "env_step": {
                            "total": 107.02706170000002,
                            "count": 13101,
                            "self": 95.54657470000102,
                            "children": {
                                "SubprocessEnvManager._take_step": {
                                    "total": 11.275431599999212,
                                    "count": 13101,
                                    "self": 0.49136099999938665,
                                    "children": {
                                        "NNPolicy.evaluate": {
                                            "total": 10.784070599999826,
                                            "count": 13101,
                                            "self": 10.784070599999826
                                        }
                                    }
                                },
                                "workers": {
                                    "total": 0.2050553999997895,
                                    "count": 13100,
                                    "self": 0.0,
                                    "children": {
                                        "worker_root": {
                                            "total": 113.06057839999968,
                                            "count": 13100,
                                            "is_parallel": true,
                                            "self": 34.84786919999901,
                                            "children": {
                                                "steps_from_proto": {
                                                    "total": 0.0006865999999998706,
                                                    "count": 1,
                                                    "is_parallel": true,
                                                    "self": 0.0003075999999992973,
                                                    "children": {
                                                        "_process_vector_observation": {
                                                            "total": 0.0003790000000005733,
                                                            "count": 4,
                                                            "is_parallel": true,
                                                            "self": 0.0003790000000005733
                                                        }
                                                    }
                                                },
                                                "UnityEnvironment.step": {
                                                    "total": 78.21202260000068,
                                                    "count": 13100,
                                                    "is_parallel": true,
                                                    "self": 1.3216195000021997,
                                                    "children": {
                                                        "UnityEnvironment._generate_step_input": {
                                                            "total": 0.9753023999997428,
                                                            "count": 13100,
                                                            "is_parallel": true,
                                                            "self": 0.9753023999997428
                                                        },
                                                        "communicator.exchange": {
                                                            "total": 70.71228229999917,
                                                            "count": 13100,
                                                            "is_parallel": true,
                                                            "self": 70.71228229999917
                                                        },
                                                        "steps_from_proto": {
                                                            "total": 5.202818399999552,
                                                            "count": 13100,
                                                            "is_parallel": true,
                                                            "self": 2.8925756999985115,
                                                            "children": {
                                                                "_process_vector_observation": {
                                                                    "total": 2.310242700001041,