{
    "name": "root",
    "metadata": {
        "timer_format_version": "0.1.0",
        "start_time_seconds": "1638119996",
        "python_version": "3.7.9 (tags/v3.7.9:13c94747c7, Aug 17 2020, 18:58:18) [MSC v.1900 64 bit (AMD64)]",
        "command_line_arguments": "C:\\Users\\rafae\\AppData\\Local\\Programs\\Python\\Python37\\Scripts\\mlagents-learn D:\\UnityProjects\\Lista\\CarroMachineLearning\\Assets\\TrainingConfig\\trainer_config.yaml --run-id=Test05",
        "mlagents_version": "0.16.1",
        "mlagents_envs_version": "0.16.1",
        "communication_protocol_version": "1.0.0",
        "tensorflow_version": "2.7.0",
        "end_time_seconds": "1638120055"
    },
    "total": 59.0184439,
    "count": 1,
    "self": 0.0007607000000007247,
    "children": {
        "run_training.setup": {
            "total": 0.013778600000000196,
            "count": 1,
            "self": 0.013778600000000196
        },
        "TrainerController.start_learning": {
            "total": 59.0039046,
            "count": 1,
            "self": 3.3274756000000565,
            "children": {
                "TrainerController._reset_env": {
                    "total": 9.790057899999999,
                    "count": 1,
                    "self": 9.790057899999999
                },
                "TrainerController.advance": {
                    "total": 45.38004129999994,
                    "count": 3834,
                    "self": 0.06341199999984326,
                    "children": {
                        "env_step": {
                            "total": 45.316629300000095,
                            "count": 3834,
                            "self": 41.509741100000184,
                            "children": {
                                "SubprocessEnvManager._take_step": {
                                    "total": 3.7453782999998992,
                                    "count": 3834,
                                    "self": 0.155038799999911,
                                    "children": {
                                        "NNPolicy.evaluate": {
                                            "total": 3.5903394999999882,
                                            "count": 3834,
                                            "self": 3.5903394999999882
                                        }
                                    }
                                },
                                "workers": {
                                    "total": 0.061509900000009665,
                                    "count": 3833,
                                    "self": 0.0,
                                    "children": {
                                        "worker_root": {
                                            "total": 42.000340799999904,
                                            "count": 3833,
                                            "is_parallel": true,
                                            "self": 11.937997299999871,
                                            "children": {
                                                "steps_from_proto": {
                                                    "total": 0.0006480999999993742,
                                                    "count": 1,
                                                    "is_parallel": true,
                                                    "self": 0.00033589999999783515,
                                                    "children": {
                                                        "_process_vector_observation": {
                                                            "total": 0.000312200000001539,
                                                            "count": 4,
                                                            "is_parallel": true,
                                                            "self": 0.000312200000001539
                                                        }
                                                    }
                                                },
                                                "UnityEnvironment.step": {
                                                    "total": 30.061695400000033,
                                                    "count": 3833,
                                                    "is_parallel": true,
                                                    "self": 0.39785580000009446,
                                                    "children": {
                                                        "UnityEnvironment._generate_step_input": {
                                                            "total": 0.29156440000006256,
                                                            "count": 3833,
                                                            "is_parallel": true,
                                                            "self": 0.29156440000006256
                                                        },
                                                        "communicator.exchange": {
                                                            "total": 27.84892199999991,
                                                            "count": 3833,
                                                            "is_parallel": true,
                                                            "self": 27.84892199999991
                                                        },
                                                        "steps_from_proto": {
                                                            "total": 1.5233531999999652,
                                                            "count": 3833,
                                                            "is_parallel": true,
                                                            "self": 0.8490871000000535,
                                                            "children": {
                                                                "_process_vector_observation": {
                                                                    "total": 0.6742660999999117,
                                                                    "count": 15332,
                                                                    "is_parallel": true,
                                                                    "self": 0.6742660999999117
                                                                }
                                                            }
                                                        }
                                                    }
                                                }
                                            }
                                        }
                                    }
                                }
                            }
                        }
                    }
                },
                "trainer_threads": {
                    "total": 3.470000000049822e-05,
                    "count": 1,
                    "self": 3.470000000049822e-05,
                    "children": {
                        "thread_root": {
                            "total": 0.0,
                            "count": 0,
                            "is_parallel": true,
                            "self": 0.0,
                            "children": {
                                "trainer_advance": {
                                    "total": 46.70870359999987,
                                    "count": 2999,
                                    "is_parallel": true,
                                    "self": 0.20797380000006171,
                                    "children": {
                                        "process_trajectory": {
                                            "total": 45.74887999999981,
                                            "count": 2999,