{"count":1,"self":27.352902399999998,"total":29.7564225,"children":{"AgentSendState":{"count":2052,"self":0.069775999999999991,"total":0.0797191,"children":{"CollectObservations":{"count":2052,"self":0.0059629999999999996,"total":0.0059629999999999996,"children":null},"CollectDiscreteActionMasks":{"count":2052,"self":0.0039800999999999994,"total":0.0039800999999999994,"children":null}}},"DecideAction":{"count":2052,"self":1.5664483999999999,"total":2.2958515999999998,"children":{"RayPerceptionSensor.Perceive":{"count":2052,"self":0.72940319999999992,"total":0.72940319999999992,"children":null}}},"AgentAct":{"count":2052,"self":0.026951299999999997,"total":0.026951299999999997,"children":null}},"gauges":{},"metadata":{"timer_format_version":"0.1.0","start_time_seconds":"1638193500","unity_version":"2020.2.0f1","command_line_arguments":"D:\\Unity\\2020.2.0f1\\Editor\\Unity.exe -createproject D:\\UnityProjects\\Lista\\CarroMachineLearning -cloneFromTemplate D:\\Unity\\2020.2.0f1\\Editor\\Data\\Resources\\PackageManager\\ProjectTemplates\\com.unity.template.3d-5.0.4.tgz -cloudOrganization undefined -cloudEnvironment production -useHub -hubIPC -hubSessionId df648bb0-505a-11ec-86d8-890f5aec988f -accessToken JSy9qjXCP-8toWph0r9pzl2RlzlP3tHKP0GHMWe2Sqc004f","communication_protocol_version":"1.0.0","com.unity.ml-agents_version":"1.0.8","scene_name":"Fase03","end_time_seconds":"1638193529"}}